date,code,name,type,detail,amount,category
2026-07-22,000506,招金黄金,龙虎榜,上榜:日涨幅偏离值达到7%的前5只证券;龙虎榜净买 0.5亿,50801959.3,游资
2026-07-22,000603,盛达资源,龙虎榜,上榜:日涨幅偏离值达到7%的前5只证券;龙虎榜净买 -0.1亿,-6442710.41,游资
2026-07-22,000676,智度股份,龙虎榜,上榜:日振幅值达到15%的前5只证券;龙虎榜净买 -0.3亿,-28844379.1,游资
2026-07-22,000779,甘咨询,龙虎榜,上榜:日跌幅偏离值达到7%的前5只证券;龙虎榜净买 -0.1亿,-5484016.0,游资
2026-07-22,000815,美利云,龙虎榜,上榜:日涨幅偏离值达到7%的前5只证券;龙虎榜净买 -0.7亿,-65193259.42,游资
2026-07-22,000889,中嘉博创,龙虎榜,上榜:连续三个交易日内，涨幅偏离值累计达到20%的证券;龙虎榜净买 0.1亿,9287252.49000001,游资
2026-07-22,000938,紫光股份,龙虎榜,上榜:连续三个交易日内，涨幅偏离值累计达到20%的证券;龙虎榜净买 2.8亿,275535786.41,游资
2026-07-22,000975,山金国际,龙虎榜,上榜:连续三个交易日内，涨幅偏离值累计达到20%的证券;龙虎榜净买 -0.9亿,-86748409.24,游资
2026-07-22,001206,依依股份,龙虎榜,上榜:连续三个交易日内，跌幅偏离值累计达到20%的证券;龙虎榜净买 -0.1亿,-10899182.57,游资
2026-07-22,600722,金牛化工,龙虎榜,上榜:有价格涨跌幅限制的日换手率达到20%的前五只证券;龙虎榜净买 0.7亿,68125124.82,游资
2026-07-22,001257,盛龙股份,龙虎榜,上榜:日换手率达到20%的前5只证券;龙虎榜净买 0.0亿,3553185.41999999,游资
2026-07-22,001288,运机集团,龙虎榜,上榜:连续三个交易日内，涨幅偏离值累计达到20%的证券;龙虎榜净买 -0.0亿,-3997706.13999999,游资
2026-07-22,001309,德明利,龙虎榜,上榜:日跌幅偏离值达到7%的前5只证券;龙虎榜净买 -1.3亿,-126230740.34,游资
2026-07-22,001388,信通电子,龙虎榜,上榜:日跌幅偏离值达到7%的前5只证券;龙虎榜净买 0.0亿,1079360.75,游资
2026-07-22,002036,联创电子,龙虎榜,上榜:连续三个交易日内，涨幅偏离值累计达到20%的证券;龙虎榜净买 0.2亿,20959951.76,游资
2026-07-22,002141,贤丰控股,龙虎榜,上榜:日换手率达到20%的前5只证券;龙虎榜净买 1.1亿,106205817.27,游资
2026-07-22,002167,东方锆业,龙虎榜,上榜:日换手率达到20%的前5只证券;龙虎榜净买 -2.1亿,-211561920.5,游资
2026-07-22,002197,证通电子,龙虎榜,上榜:连续三个交易日内，涨幅偏离值累计达到20%的证券;龙虎榜净买 0.8亿,81407159.13,游资
2026-07-22,002396,星网锐捷,龙虎榜,上榜:日换手率达到20%的前5只证券;龙虎榜净买 3.0亿,303776811.63,游资
2026-07-22,002515,金字火腿,龙虎榜,上榜:日涨幅偏离值达到7%的前5只证券;龙虎榜净买 -0.1亿,-8532908.40000001,游资
2026-07-22,002731,*ST萃华,龙虎榜,上榜:日换手率达到20%的前5只证券;龙虎榜净买 -0.1亿,-6553435.9,游资
2026-07-22,001258,立新能源,龙虎榜,上榜:连续三个交易日内，涨幅偏离值累计达到20%的证券;龙虎榜净买 1.8亿,182004133.16,游资
2026-07-22,000539,粤电力A,龙虎榜,上榜:连续三个交易日内，涨幅偏离值累计达到20%的证券;龙虎榜净买 -0.1亿,-8460427.42000002,游资
2026-07-22,000526,学大教育,龙虎榜,上榜:连续三个交易日内，涨幅偏离值累计达到20%的证券;龙虎榜净买 0.7亿,70767023.46,游资
2026-07-22,002816,*ST和科,龙虎榜,上榜:连续三个交易日内，跌幅偏离值累计达到20%的证券;龙虎榜净买 -0.0亿,-2419458.47,游资
2026-07-22,003001,中岩大地,龙虎榜,上榜:日跌幅偏离值达到7%的前5只证券;龙虎榜净买 -1.0亿,-101307349.6,游资
2026-07-22,300534,陇神戎发,龙虎榜,上榜:日换手率达到30%的前5只证券;龙虎榜净买 -0.5亿,-51788770.5,游资
2026-07-22,300688,创业黑马,龙虎榜,上榜:日涨幅达到15%的前5只证券;龙虎榜净买 0.9亿,94198286.35,游资
2026-07-22,300779,惠城环保,龙虎榜,上榜:连续三个交易日内，涨幅偏离值累计达到30%的证券;龙虎榜净买 2.7亿,269778795.62,游资
2026-07-22,300795,米奥会展,龙虎榜,上榜:日换手率达到30%的前5只证券;龙虎榜净买 -0.1亿,-9098024.76,游资
2026-07-22,300834,星辉环材,龙虎榜,上榜:日涨幅达到15%的前5只证券;龙虎榜净买 -0.0亿,-2725894.84999999,游资
2026-07-22,301190,善水科技,龙虎榜,上榜:连续三个交易日内，涨幅偏离值累计达到30%的证券;龙虎榜净买 -0.6亿,-60937354.1,游资
2026-07-22,301228,实朴检测,龙虎榜,上榜:连续三个交易日内，涨幅偏离值累计达到30%的证券;龙虎榜净买 -0.2亿,-17112895.12,游资
2026-07-22,301234,五洲医疗,龙虎榜,上榜:日涨幅达到15%的前5只证券;龙虎榜净买 0.1亿,14965440.0,游资
2026-07-22,301273,瑞晨环保,龙虎榜,上榜:连续三个交易日内，涨幅偏离值累计达到30%的证券;龙虎榜净买 0.1亿,7370916.35000001,游资
2026-07-22,301520,万邦医药,龙虎榜,上榜:日换手率达到30%的前5只证券;龙虎榜净买 0.2亿,15178830.96,游资
2026-07-22,002577,雷柏科技,回购,回购进度:实施中;已回购 0.0亿,1049591.0,产业资本
2026-07-22,301536,星宸科技,龙虎榜,上榜:连续三个交易日内，涨幅偏离值累计达到30%的证券;龙虎榜净买 -9.2亿,-922645753.31,游资
2026-07-22,600176,中国巨石,龙虎榜,上榜:有价格涨跌幅限制的日收盘价格跌幅偏离值达到7%的前五只证券;龙虎榜净买 -6.0亿,-595115771.12,游资
2026-07-22,600227,赤天化,龙虎榜,上榜:有价格涨跌幅限制的日价格振幅达到15%的前五只证券;龙虎榜净买 0.1亿,6516901.0,游资
2026-07-22,600289,ST信通,龙虎榜,上榜:非S证券连续三个交易日内收盘价格跌幅偏离值累计达到20%的证券;龙虎榜净买 -0.0亿,-4982328.05,游资
2026-07-22,600396,华电辽能,龙虎榜,上榜:有价格涨跌幅限制的日收盘价格涨幅偏离值达到7%的前五只证券;龙虎榜净买 2.8亿,283241830.92,游资
2026-07-22,600403,大有能源,龙虎榜,上榜:有价格涨跌幅限制的日收盘价格涨幅偏离值达到7%的前五只证券;龙虎榜净买 0.2亿,19174366.7,游资
2026-07-22,600602,云赛智联,龙虎榜,上榜:有价格涨跌幅限制的日价格振幅达到15%的前五只证券;龙虎榜净买 -0.9亿,-92004860.16,游资
2026-07-22,600605,汇通能源,龙虎榜,上榜:有价格涨跌幅限制的日收盘价格跌幅偏离值达到7%的前五只证券;龙虎榜净买 -0.2亿,-18369308.98,游资
2026-07-22,600664,哈药股份,龙虎榜,上榜:有价格涨跌幅限制的日换手率达到20%的前五只证券;龙虎榜净买 -1.9亿,-189498417.07,游资
2026-07-22,123118,惠城转债,龙虎榜,上榜:日涨幅达到15%的前5只可转债;龙虎榜净买 0.1亿,5297785.75999999,游资
2026-07-22,118064,联瑞转债,龙虎榜,"上榜:非上市首日,当日收盘价跌幅达15%的前五只可转债;龙虎榜净买 -0.1亿",-12090740.0,游资
2026-07-22,301583,托伦斯,龙虎榜,上榜:日涨幅达到15%的前5只证券;龙虎榜净买 1.9亿,192668794.28,游资
2026-07-22,300164,通源石油,龙虎榜,上榜:日换手率达到30%的前5只证券;龙虎榜净买 -0.6亿,-62822272.0,游资
2026-07-22,600726,华电能源,龙虎榜,上榜:非S证券连续三个交易日内收盘价格涨幅偏离值累计达到20%的证券;龙虎榜净买 -0.9亿,-86908529.2700001,游资
2026-07-22,603588,高能环境,回购,回购进度:董事会预案;已回购 —,,产业资本
2026-07-22,603459,红板科技,龙虎榜,上榜:有价格涨跌幅限制的日换手率达到20%的前五只证券;龙虎榜净买 3.5亿,351439671.98,游资
2026-07-22,603519,立霸股份,龙虎榜,上榜:非S证券连续三个交易日内收盘价格跌幅偏离值累计达到20%的证券;龙虎榜净买 0.1亿,10491219.0,游资
2026-07-22,603538,美诺华,龙虎榜,上榜:有价格涨跌幅限制的日换手率达到20%的前五只证券;龙虎榜净买 0.5亿,46769978.26,游资
2026-07-22,603580,艾艾精工,龙虎榜,上榜:有价格涨跌幅限制的日价格振幅达到15%的前五只证券;龙虎榜净买 -0.0亿,-1518319.94999999,游资
2026-07-22,603608,天创时尚,龙虎榜,上榜:非S证券连续三个交易日内收盘价格跌幅偏离值累计达到20%的证券;龙虎榜净买 1.8亿,179716961.0,游资
2026-07-22,603629,利通电子,龙虎榜,上榜:非S证券连续三个交易日内收盘价格涨幅偏离值累计达到20%的证券;龙虎榜净买 2.0亿,200843066.01,游资
2026-07-22,603665,康隆达,龙虎榜,上榜:非S证券连续三个交易日内收盘价格跌幅偏离值累计达到20%的证券;龙虎榜净买 0.1亿,12466704.0,游资
2026-07-22,600821,金开新能,龙虎榜,上榜:非S证券连续三个交易日内收盘价格涨幅偏离值累计达到20%的证券;龙虎榜净买 0.3亿,25256842.09,游资
2026-07-22,603669,灵康药业,龙虎榜,上榜:有价格涨跌幅限制的日价格振幅达到15%的前五只证券;龙虎榜净买 0.6亿,62223228.98,游资
2026-07-22,603725,天安新材,龙虎榜,上榜:有价格涨跌幅限制的日收盘价格涨幅偏离值达到7%的前五只证券;龙虎榜净买 -0.5亿,-54680485.68,游资
2026-07-22,603757,大元泵业,龙虎榜,上榜:非S证券连续三个交易日内收盘价格跌幅偏离值累计达到20%的证券;龙虎榜净买 1.0亿,102739445.16,游资
2026-07-22,603803,瑞斯康达,龙虎榜,上榜:有价格涨跌幅限制的日收盘价格涨幅偏离值达到7%的前五只证券;龙虎榜净买 0.1亿,12614018.96,游资
2026-07-22,605196,华通线缆,龙虎榜,上榜:非S证券连续三个交易日内收盘价格涨幅偏离值累计达到20%的证券;龙虎榜净买 -0.3亿,-27778340.3,游资
2026-07-22,688049,炬芯科技,龙虎榜,上榜:有价格涨跌幅限制的日收盘价格涨幅达到15%的前五只证券;龙虎榜净买 0.3亿,27738116.17,游资
2026-07-22,688066,*ST航图,龙虎榜,上榜:有价格涨跌幅限制的连续3个交易日内收盘价格跌幅偏离值累计达到30%的证券;龙虎榜净买 0.2亿,24777497.17,游资
2026-07-22,920072,科莱瑞迪,龙虎榜,上榜:当日换手率达到20%的前5只股票;龙虎榜净买 -0.1亿,-13921138.39,游资
2026-07-22,920088,科力股份,龙虎榜,上榜:当日换手率达到20%的前5只股票;龙虎榜净买 -0.1亿,-7675752.62,游资
2026-07-22,920117,龙鑫智能,龙虎榜,上榜:当日换手率达到20%的前5只股票;龙虎榜净买 0.0亿,2289497.21,游资
2026-07-22,920267,鑫汇科,龙虎榜,上榜:当日换手率达到20%的前5只股票;龙虎榜净买 -0.2亿,-21496336.1,游资
2026-07-22,603683,晶华新材,龙虎榜,上榜:有价格涨跌幅限制的日收盘价格跌幅偏离值达到7%的前五只证券;龙虎榜净买 -0.8亿,-79962655.32,游资
2026-07-22,920099,瑞华技术,大宗交易,"成交价 20.78,折溢率 +0.00%,买方 开源证券股份有限公司杭州婺江路证券营业部",1037919.44,产业资本
2026-07-22,603398,*ST沐邦,龙虎榜,上榜:有价格涨跌幅限制的日收盘价格跌幅偏离值达到7%的前五只证券;龙虎榜净买 0.0亿,1092264.0,游资
2026-07-22,603162,海通发展,龙虎榜,上榜:有价格涨跌幅限制的日收盘价格涨幅偏离值达到7%的前五只证券;龙虎榜净买 0.4亿,36138987.35,游资
2026-07-22,603120,肯特催化,龙虎榜,上榜:有价格涨跌幅限制的日换手率达到20%的前五只证券;龙虎榜净买 0.3亿,33309281.64,游资
2026-07-22,920305,云创退,龙虎榜,上榜:当日换手率达到20%的前5只股票;龙虎榜净买 0.0亿,1095229.57,游资
2026-07-22,603201,常润股份,回购,回购进度:董事会预案;已回购 —,,产业资本
2026-07-22,600580,卧龙电驱,回购,回购进度:nan;已回购 —,,产业资本
2026-07-22,600382,广东明珠,回购,回购进度:nan;已回购 —,,产业资本
2026-07-22,301290,东星医疗,回购,回购进度:董事会预案;已回购 —,,产业资本
2026-07-22,301115,联检科技,回购,回购进度:nan;已回购 —,,产业资本
2026-07-22,300852,四会富仕,回购,回购进度:董事会预案;已回购 —,,产业资本
2026-07-22,300790,宇瞳光学,回购,回购进度:董事会预案;已回购 —,,产业资本
2026-07-22,300720,海川智能,回购,回购进度:董事会预案;已回购 —,,产业资本
2026-07-22,002931,锋龙股份,回购,回购进度:nan;已回购 —,,产业资本
2026-07-22,002370,亚太药业,回购,回购进度:nan;已回购 —,,产业资本
2026-07-22,600992,贵绳股份,龙虎榜,上榜:非S证券连续三个交易日内收盘价格跌幅偏离值累计达到20%的证券;龙虎榜净买 0.1亿,14669877.03,游资
2026-07-22,002318,久立特材,回购,回购进度:董事会预案;已回购 —,,产业资本
2026-07-22,002913,奥士康,回购,回购进度:实施中;已回购 0.1亿,10413761.65,产业资本
2026-07-22,600346,恒力石化,回购,回购进度:实施中;已回购 1.7亿,171022600.0,产业资本
2026-07-22,300802,矩子科技,回购,回购进度:实施中;已回购 0.0亿,2567163.0,产业资本
2026-07-22,301026,浩通科技,回购,回购进度:完成实施;已回购 0.5亿,52838321.8,产业资本
2026-07-22,603037,凯众股份,回购,回购进度:股东大会通过;已回购 —,,产业资本
2026-07-22,601718,ST际华,回购,回购进度:股东大会通过;已回购 —,,产业资本
2026-07-22,688091,上海谊众,回购,回购进度:实施中;已回购 0.0亿,3021993.9,产业资本
2026-07-22,688085,三友医疗,回购,回购进度:董事会预案;已回购 —,,产业资本
2026-07-22,688429,时创能源,回购,回购进度:董事会预案;已回购 —,,产业资本
2026-07-22,920717,瑞星股份,回购,回购进度:董事会预案;已回购 —,,产业资本
2026-07-22,300408,三环集团,回购,回购进度:实施中;已回购 0.3亿,31479711.0,产业资本
2026-07-22,603288,海天味业,回购,回购进度:实施中;已回购 0.3亿,29990999.0,产业资本
2026-07-22,002972,科安达,回购,回购进度:董事会预案;已回购 —,,产业资本
2026-07-22,920078,族兴新材,大宗交易,"成交价 19.42,折溢率 -0.02%,买方 中信证券华南股份有限公司江门冈州大道证券营业部",3884000.0,产业资本
2026-07-22,000933,神火股份,大宗交易,"成交价 23.43,折溢率 -0.06%,买方 国信证券股份有限公司上海浦东分公司",7497600.0,产业资本
2026-07-22,000933,神火股份,大宗交易,"成交价 23.43,折溢率 -0.06%,买方 浙商证券股份有限公司上海长乐路证券营业部",8434800.0,产业资本
2026-07-22,000933,神火股份,大宗交易,"成交价 23.43,折溢率 -0.06%,买方 机构专用",17572500.0,产业资本
2026-07-22,000933,神火股份,大宗交易,"成交价 23.43,折溢率 -0.06%,买方 华泰证券股份有限公司江阴福泰路证券营业部",14058000.0,产业资本
2026-07-22,000933,神火股份,大宗交易,"成交价 23.43,折溢率 -0.06%,买方 招商证券股份有限公司济南经十路证券营业部",4686000.0,产业资本
2026-07-22,000933,神火股份,大宗交易,"成交价 23.43,折溢率 -0.06%,买方 华泰证券股份有限公司南京分公司",3280200.0,产业资本
2026-07-22,000933,神火股份,大宗交易,"成交价 23.43,折溢率 -0.06%,买方 广发证券股份有限公司沧州解放路证券营业部",4217400.0,产业资本
2026-07-22,000933,神火股份,大宗交易,"成交价 23.43,折溢率 -0.06%,买方 广发证券股份有限公司金华光南路证券营业部",4217400.0,产业资本
2026-07-22,000933,神火股份,大宗交易,"成交价 23.43,折溢率 -0.06%,买方 机构专用",29287500.0,产业资本
2026-07-22,601857,中国石油,大宗交易,"成交价 10.92,折溢率 +0.00%,买方 国泰海通证券股份有限公司总部",13759200.0,产业资本
2026-07-22,000933,神火股份,大宗交易,"成交价 23.43,折溢率 -0.06%,买方 中信证券股份有限公司徐州建国西路证券营业部",7966200.0,产业资本
2026-07-22,000933,神火股份,大宗交易,"成交价 23.43,折溢率 -0.06%,买方 机构专用",2343000.0,产业资本
2026-07-22,000933,神火股份,大宗交易,"成交价 23.43,折溢率 -0.06%,买方 国都证券股份有限公司江苏分公司",3514500.0,产业资本
2026-07-22,000933,神火股份,大宗交易,"成交价 23.43,折溢率 -0.06%,买方 机构专用",7966200.0,产业资本
2026-07-22,000933,神火股份,大宗交易,"成交价 23.43,折溢率 -0.06%,买方 国信证券股份有限公司上海浦东分公司",15932400.0,产业资本
2026-07-22,000933,神火股份,大宗交易,"成交价 23.43,折溢率 -0.06%,买方 华泰证券股份有限公司南京庐山路证券营业部",4217400.0,产业资本
2026-07-22,000933,神火股份,大宗交易,"成交价 23.43,折溢率 -0.06%,买方 中信证券股份有限公司苏州分公司",4686000.0,产业资本
2026-07-22,000933,神火股份,大宗交易,"成交价 23.43,折溢率 -0.06%,买方 中信证券股份有限公司上海世博馆路证券营业部",3045900.0,产业资本
2026-07-22,000938,紫光股份,大宗交易,"成交价 43.55,折溢率 -0.03%,买方 西部证券股份有限公司西安东大街证券营业部",45727500.0,产业资本
2026-07-22,001255,博菲电气,大宗交易,"成交价 19.6,折溢率 -0.07%,买方 光大证券股份有限公司宁波北仑新碶证券营业部",6272000.0,产业资本
2026-07-22,002109,ST兴化,大宗交易,"成交价 2.46,折溢率 +0.00%,买方 开源证券股份有限公司西安高新分公司",1230000.0,产业资本
2026-07-22,000933,神火股份,大宗交易,"成交价 23.43,折溢率 -0.06%,买方 国信证券股份有限公司上海浦东分公司",9372000.0,产业资本
2026-07-22,002165,红宝丽,大宗交易,"成交价 5.32,折溢率 -0.10%,买方 浙商证券股份有限公司青田涌潮街证券营业部",5320000.0,产业资本
2026-07-22,002165,红宝丽,大宗交易,"成交价 5.32,折溢率 -0.10%,买方 中国银河证券股份有限公司杭州建国北路证券营业部",2128000.0,产业资本
2026-07-22,002191,劲嘉股份,大宗交易,"成交价 3.62,折溢率 +0.00%,买方 中国银河证券股份有限公司北京双井证券营业部",6878000.0,产业资本
2026-07-22,002352,顺丰控股,回购,回购进度:完成实施;已回购 60.0亿,5999000000.0,产业资本
2026-07-22,002422,科伦药业,大宗交易,"成交价 49.22,折溢率 +0.00%,买方 机构专用",112969500.0,产业资本
2026-07-22,002539,云图控股,大宗交易,"成交价 10.36,折溢率 +0.00%,买方 机构专用",3580400.0,产业资本
2026-07-22,002634,*ST棒杰,大宗交易,"成交价 3.95,折溢率 +0.13%,买方 东方证券股份有限公司上海黄浦区中华路证券营业部",1975000.0,产业资本
2026-07-22,002634,*ST棒杰,大宗交易,"成交价 3.95,折溢率 +0.13%,买方 东方证券股份有限公司上海黄浦区中华路证券营业部",1975000.0,产业资本
2026-07-22,002634,*ST棒杰,大宗交易,"成交价 3.95,折溢率 +0.13%,买方 东方证券股份有限公司上海黄浦区中华路证券营业部",1975000.0,产业资本
2026-07-22,300124,汇川技术,大宗交易,"成交价 61.59,折溢率 +0.00%,买方 机构专用",61590000.0,产业资本
2026-07-22,300750,宁德时代,大宗交易,"成交价 374.77,折溢率 +0.01%,买方 机构专用",115616500.0,产业资本
2026-07-22,300761,立华股份,大宗交易,"成交价 14.62,折溢率 -0.20%,买方 中国银河证券股份有限公司上海浦东新区上南路证券营业部",3070200.0,产业资本
2026-07-22,300827,上能电气,大宗交易,"成交价 23.99,折溢率 +0.00%,买方 中信证券股份有限公司深圳后海证券营业部",2284800.0,产业资本
2026-07-22,000933,神火股份,大宗交易,"成交价 23.43,折溢率 -0.06%,买方 浙商证券股份有限公司绍兴分公司",4686000.0,产业资本
2026-07-22,300827,上能电气,大宗交易,"成交价 23.76,折溢率 -0.01%,买方 招商证券股份有限公司深圳前海大道证券营业部",8220900.0,产业资本
2026-07-22,300926,博俊科技,大宗交易,"成交价 16.33,折溢率 +0.00%,买方 机构专用",13717200.0,产业资本
2026-07-22,301026,浩通科技,大宗交易,"成交价 13.94,折溢率 -0.20%,买方 国泰海通证券股份有限公司广州天河北路证券营业部",13940000.0,产业资本
2026-07-22,301148,嘉戎技术,大宗交易,"成交价 34.5,折溢率 -0.16%,买方 国信证券股份有限公司福建分公司",20700000.0,产业资本
2026-07-22,301552,科力装备,大宗交易,"成交价 19.75,折溢率 -0.01%,买方 中信建投证券股份有限公司北京东城分公司",2962500.0,产业资本
2026-07-22,301566,达利凯普,大宗交易,"成交价 22.12,折溢率 -0.01%,买方 机构专用",22120000.0,产业资本
2026-07-22,301633,港迪技术,大宗交易,"成交价 50.5,折溢率 -0.02%,买方 东海证券股份有限公司上海浦东新区东方路分公司",7575000.0,产业资本
2026-07-22,600031,三一重工,大宗交易,"成交价 19.65,折溢率 -0.01%,买方 机构专用",78600000.0,产业资本
2026-07-22,600660,福耀玻璃,大宗交易,"成交价 55.69,折溢率 +0.00%,买方 国泰海通证券股份有限公司总部",6916700.0,产业资本
2026-07-22,600728,佳都科技,大宗交易,"成交价 4.46,折溢率 +0.00%,买方 国泰海通证券股份有限公司总部",6679300.0,产业资本
2026-07-22,002384,东山精密,大宗交易,"成交价 217.5,折溢率 +0.00%,买方 中信证券股份有限公司泉州温陵北路证券营业部",3262500.0,产业资本
2026-07-22,300857,协创数据,大宗交易,"成交价 240.0,折溢率 -0.04%,买方 国泰海通证券股份有限公司深圳滨海大道创投大厦证券营业部",19200000.0,产业资本
2026-07-22,000012,南玻A,大宗交易,"成交价 3.75,折溢率 +0.00%,买方 国泰海通证券股份有限公司深圳高新园证券营业部",105000000.0,产业资本
2026-07-22,600989,宝丰能源,大宗交易,"成交价 23.72,折溢率 +0.00%,买方 申万宏源证券有限公司证券投资总部",50001800.0,产业资本
2026-07-22,603050,科林电气,大宗交易,"成交价 15.61,折溢率 -0.08%,买方 瑞银证券有限责任公司上海花园石桥路证券营业部",9366000.0,产业资本
2026-07-22,603050,科林电气,大宗交易,"成交价 15.61,折溢率 -0.08%,买方 机构专用",2029300.0,产业资本
2026-07-22,603050,科林电气,大宗交易,"成交价 15.61,折溢率 -0.08%,买方 广发证券股份有限公司总部",14049000.0,产业资本
2026-07-22,603050,科林电气,大宗交易,"成交价 15.61,折溢率 -0.08%,买方 机构专用",2029300.0,产业资本
2026-07-22,603061,金海通,大宗交易,"成交价 289.59,折溢率 -0.08%,买方 瑞银证券有限责任公司上海花园石桥路证券营业部",6950200.0,产业资本
2026-07-22,603061,金海通,大宗交易,"成交价 289.59,折溢率 -0.08%,买方 中信证券股份有限公司徐州建国西路证券营业部",5009900.0,产业资本
2026-07-22,603061,金海通,大宗交易,"成交价 289.59,折溢率 -0.08%,买方 东北证券股份有限公司南通世纪大道证券营业部",2027100.0,产业资本
2026-07-22,603061,金海通,大宗交易,"成交价 289.59,折溢率 -0.08%,买方 民生证券股份有限公司苏州分公司",2606300.0,产业资本
2026-07-22,603061,金海通,大宗交易,"成交价 289.59,折溢率 -0.08%,买方 中国中金财富证券有限公司深圳中金大厦证券营业部",2027100.0,产业资本
2026-07-22,603061,金海通,大宗交易,"成交价 289.59,折溢率 -0.08%,买方 民生证券股份有限公司苏州分公司",3475100.0,产业资本
2026-07-22,601865,福莱特,大宗交易,"成交价 8.4,折溢率 -0.12%,买方 广发证券股份有限公司杭州学院路证券营业部",9996000.0,产业资本
2026-07-22,603050,科林电气,大宗交易,"成交价 15.61,折溢率 -0.08%,买方 华鑫证券有限责任公司深圳分公司",2029300.0,产业资本
2026-07-22,603061,金海通,大宗交易,"成交价 289.59,折溢率 -0.08%,买方 东北证券股份有限公司总部",2027100.0,产业资本
2026-07-22,603061,金海通,大宗交易,"成交价 289.59,折溢率 -0.08%,买方 华泰证券股份有限公司广州云城东路证券营业部",2027100.0,产业资本
2026-07-22,603061,金海通,大宗交易,"成交价 289.59,折溢率 -0.08%,买方 国泰海通证券股份有限公司总部",2895900.0,产业资本
2026-07-22,603061,金海通,大宗交易,"成交价 289.59,折溢率 -0.08%,买方 广发证券股份有限公司总部",4633400.0,产业资本
2026-07-22,603061,金海通,大宗交易,"成交价 289.59,折溢率 -0.08%,买方 长城证券股份有限公司总部",2027100.0,产业资本
2026-07-22,603061,金海通,大宗交易,"成交价 289.59,折溢率 -0.08%,买方 国联民生证券股份有限公司无锡金融一街证券营业部",2027100.0,产业资本
2026-07-22,603061,金海通,大宗交易,"成交价 289.59,折溢率 -0.08%,买方 国泰海通证券股份有限公司总部",4343900.0,产业资本
2026-07-22,603226,菲林格尔,大宗交易,"成交价 41.44,折溢率 -0.09%,买方 机构专用",2072000.0,产业资本
2026-07-22,603288,海天味业,大宗交易,"成交价 36.52,折溢率 +0.00%,买方 广发证券股份有限公司佛山禅城石湾证券营业部",16196600.0,产业资本
2026-07-22,601865,福莱特,大宗交易,"成交价 8.4,折溢率 -0.12%,买方 广发证券股份有限公司杭州学院路证券营业部",9996000.0,产业资本
2026-07-22,603061,金海通,大宗交易,"成交价 289.59,折溢率 -0.08%,买方 机构专用",2027100.0,产业资本
2026-07-22,603061,金海通,大宗交易,"成交价 289.59,折溢率 -0.08%,买方 长江证券股份有限公司北京百万庄大街证券营业部",2982800.0,产业资本
2026-07-22,603733,仙鹤股份,大宗交易,"成交价 20.98,折溢率 +0.00%,买方 中国国际金融股份有限公司北京建国门外大街证券营业部",7506600.0,产业资本
2026-07-22,603061,金海通,大宗交易,"成交价 289.59,折溢率 -0.08%,买方 中信证券股份有限公司总部(非营业场所)",5067800.0,产业资本
2026-07-22,605365,立达信,大宗交易,"成交价 11.1,折溢率 -0.09%,买方 信达证券股份有限公司漳州新华东路证券营业部",111000000.0,产业资本
2026-07-22,688105,诺唯赞,大宗交易,"成交价 15.7,折溢率 -0.07%,买方 华泰证券股份有限公司深圳后海中心路证券营业部",4000000.0,产业资本
2026-07-22,603811,诚意药业,大宗交易,"成交价 6.4,折溢率 -0.09%,买方 中信证券股份有限公司温州分公司",2496000.0,产业资本
2026-07-22,688105,诺唯赞,大宗交易,"成交价 15.7,折溢率 -0.07%,买方 中信证券股份有限公司上海浦东新区东方路证券营业部",2000000.0,产业资本
2026-07-22,688166,博瑞医药,大宗交易,"成交价 28.07,折溢率 -0.29%,买方 中国银河证券股份有限公司上海浦东新区上南路证券营业部",5754400.0,产业资本
2026-07-22,688168,安博通,大宗交易,"成交价 38.21,折溢率 -0.02%,买方 机构专用",18340800.0,产业资本
2026-07-22,688168,安博通,大宗交易,"成交价 38.21,折溢率 -0.02%,买方 机构专用",27129100.0,产业资本
2026-07-22,688409,富创精密,大宗交易,"成交价 176.85,折溢率 -0.08%,买方 国联民生证券股份有限公司总部",2122200.0,产业资本
2026-07-22,688105,诺唯赞,大宗交易,"成交价 15.7,折溢率 -0.07%,买方 中信证券股份有限公司四川分公司",2000000.0,产业资本
2026-07-22,688409,富创精密,大宗交易,"成交价 176.85,折溢率 -0.08%,买方 机构专用",5305500.0,产业资本
2026-07-22,688596,正帆科技,大宗交易,"成交价 47.41,折溢率 +0.00%,买方 国泰海通证券股份有限公司总部",9482000.0,产业资本
2026-07-22,688653,康希通信,大宗交易,"成交价 10.0,折溢率 -0.12%,买方 华泰证券股份有限公司上海徐汇区龙启路证券营业部",11000000.0,产业资本
2026-07-22,688409,富创精密,大宗交易,"成交价 176.85,折溢率 -0.08%,买方 机构专用",26527500.0,产业资本
2026-07-22,688779,五矿新能,大宗交易,"成交价 6.21,折溢率 -0.10%,买方 广发证券股份有限公司总部",3105000.0,产业资本
2026-07-22,688779,五矿新能,大宗交易,"成交价 6.21,折溢率 -0.10%,买方 国泰海通证券股份有限公司总部",2359800.0,产业资本
2026-07-22,688729,屹唐股份,大宗交易,"成交价 28.82,折溢率 -0.02%,买方 机构专用",10087000.0,产业资本
2026-07-22,688779,五矿新能,大宗交易,"成交价 6.21,折溢率 -0.10%,买方 机构专用",1863000.0,产业资本
2026-07-22,688779,五矿新能,大宗交易,"成交价 6.21,折溢率 -0.10%,买方 机构专用",3005600.0,产业资本
2026-07-22,688779,五矿新能,大宗交易,"成交价 6.21,折溢率 -0.10%,买方 中信证券股份有限公司上海世博馆路证券营业部",1863000.0,产业资本
2026-07-22,688105,诺唯赞,大宗交易,"成交价 15.7,折溢率 -0.07%,买方 国泰海通证券股份有限公司海口秀英长滨路证券营业部",2000000.0,产业资本
2026-07-22,688779,五矿新能,大宗交易,"成交价 6.21,折溢率 -0.10%,买方 东北证券股份有限公司总部",1863000.0,产业资本
2026-07-22,688779,五矿新能,大宗交易,"成交价 6.21,折溢率 -0.10%,买方 机构专用",1863000.0,产业资本
2026-07-22,688779,五矿新能,大宗交易,"成交价 6.21,折溢率 -0.10%,买方 机构专用",1863000.0,产业资本
2026-07-22,688779,五矿新能,大宗交易,"成交价 6.21,折溢率 -0.10%,买方 广发证券股份有限公司总部",3850200.0,产业资本
2026-07-23,301358,湖南裕能,大宗交易,"成交价 60.0,折溢率 -0.09%,买方 机构专用",2040000.0,产业资本
2026-07-23,301552,科力装备,大宗交易,"成交价 20.1,折溢率 -0.01%,买方 中信建投证券股份有限公司北京东城分公司",3765400.0,产业资本
2026-07-23,301358,湖南裕能,大宗交易,"成交价 60.0,折溢率 -0.09%,买方 机构专用",2040000.0,产业资本
2026-07-23,301358,湖南裕能,大宗交易,"成交价 60.0,折溢率 -0.09%,买方 机构专用",2040000.0,产业资本
2026-07-23,301358,湖南裕能,大宗交易,"成交价 60.0,折溢率 -0.09%,买方 机构专用",2040000.0,产业资本
2026-07-23,301358,湖南裕能,大宗交易,"成交价 60.0,折溢率 -0.09%,买方 机构专用",2400000.0,产业资本
2026-07-23,301358,湖南裕能,大宗交易,"成交价 60.0,折溢率 -0.09%,买方 机构专用",2040000.0,产业资本
2026-07-23,301358,湖南裕能,大宗交易,"成交价 60.0,折溢率 -0.09%,买方 机构专用",2040000.0,产业资本
2026-07-23,301358,湖南裕能,大宗交易,"成交价 60.0,折溢率 -0.09%,买方 机构专用",2040000.0,产业资本
2026-07-23,301358,湖南裕能,大宗交易,"成交价 60.0,折溢率 -0.09%,买方 机构专用",4200000.0,产业资本
2026-07-23,301358,湖南裕能,大宗交易,"成交价 60.0,折溢率 -0.09%,买方 机构专用",2040000.0,产业资本
2026-07-23,301358,湖南裕能,大宗交易,"成交价 60.0,折溢率 -0.09%,买方 机构专用",2640000.0,产业资本
2026-07-23,301609,山大电力,大宗交易,"成交价 37.7,折溢率 -0.01%,买方 中信证券股份有限公司北京呼家楼证券营业部",18850000.0,产业资本
2026-07-23,601065,江盐集团,大宗交易,"成交价 5.9,折溢率 -0.13%,买方 申万宏源证券有限公司上海金山区蒙山路证券营业部",8999900.0,产业资本
2026-07-23,600031,三一重工,大宗交易,"成交价 19.77,折溢率 -0.01%,买方 机构专用",53670700.0,产业资本
2026-07-23,600036,招商银行,大宗交易,"成交价 38.91,折溢率 +0.00%,买方 机构专用",24435500.0,产业资本
2026-07-23,600066,宇通客车,大宗交易,"成交价 32.18,折溢率 +0.00%,买方 广发证券股份有限公司北京鲁谷路证券营业部",44791300.0,产业资本
2026-07-23,600110,诺德股份,大宗交易,"成交价 8.0,折溢率 -0.12%,买方 广发证券股份有限公司深圳福华一路证券营业部",3250400.0,产业资本
2026-07-23,600428,中远海特,大宗交易,"成交价 11.04,折溢率 +0.00%,买方 广发证券股份有限公司北京鲁谷路证券营业部",22035800.0,产业资本
2026-07-23,600459,贵研铂业,大宗交易,"成交价 16.4,折溢率 -0.11%,买方 广发证券股份有限公司深圳福华一路证券营业部",10305800.0,产业资本
2026-07-23,600519,贵州茅台,大宗交易,"成交价 1200.0,折溢率 -0.07%,买方 中国中金财富证券有限公司宁波狮子街证券营业部",5760000.0,产业资本
2026-07-23,600660,福耀玻璃,大宗交易,"成交价 56.0,折溢率 -0.01%,买方 东方证券股份有限公司泉州津淮街证券营业部",2128000.0,产业资本
2026-07-23,601865,福莱特,大宗交易,"成交价 8.59,折溢率 -0.12%,买方 广发证券股份有限公司杭州学院路证券营业部",22978300.0,产业资本
2026-07-23,601865,福莱特,大宗交易,"成交价 8.59,折溢率 -0.12%,买方 广发证券股份有限公司杭州学院路证券营业部",24996900.0,产业资本
2026-07-23,603050,科林电气,大宗交易,"成交价 17.18,折溢率 -0.08%,买方 中信建投证券股份有限公司北京方庄路证券营业部",2233400.0,产业资本
2026-07-23,301358,湖南裕能,大宗交易,"成交价 60.0,折溢率 -0.09%,买方 机构专用",2040000.0,产业资本
2026-07-23,603050,科林电气,大宗交易,"成交价 17.18,折溢率 -0.08%,买方 广发证券股份有限公司总部",8590000.0,产业资本
2026-07-23,301633,港迪技术,大宗交易,"成交价 53.21,折溢率 -0.01%,买方 东海证券股份有限公司上海浦东新区东方路分公司",7981500.0,产业资本
2026-07-23,301358,湖南裕能,大宗交易,"成交价 60.0,折溢率 -0.09%,买方 机构专用",2400000.0,产业资本
2026-07-23,002634,*ST棒杰,大宗交易,"成交价 3.86,折溢率 +0.03%,买方 东方证券股份有限公司上海黄浦区中华路证券营业部",1930000.0,产业资本
2026-07-23,301308,江波龙,大宗交易,"成交价 375.85,折溢率 +0.00%,买方 广发证券股份有限公司无锡太湖东大道证券营业部",2255100.0,产业资本
2026-07-23,002165,红宝丽,大宗交易,"成交价 5.84,折溢率 -0.10%,买方 华鑫证券有限责任公司深圳分公司",2336000.0,产业资本
2026-07-23,603050,科林电气,大宗交易,"成交价 17.18,折溢率 -0.08%,买方 华泰证券股份有限公司深圳后海中心路证券营业部",4295000.0,产业资本
2026-07-23,002191,劲嘉股份,大宗交易,"成交价 3.65,折溢率 -0.00%,买方 中国银河证券股份有限公司北京双井证券营业部",6402100.0,产业资本
2026-07-23,002422,科伦药业,大宗交易,"成交价 51.35,折溢率 +0.00%,买方 机构专用",80629800.0,产业资本
2026-07-23,002422,科伦药业,大宗交易,"成交价 51.35,折溢率 +0.00%,买方 机构专用",7232100.0,产业资本
2026-07-23,002634,*ST棒杰,大宗交易,"成交价 3.86,折溢率 +0.03%,买方 东方证券股份有限公司上海黄浦区中华路证券营业部",1930000.0,产业资本
2026-07-23,002634,*ST棒杰,大宗交易,"成交价 3.86,折溢率 +0.03%,买方 东方证券股份有限公司上海黄浦区中华路证券营业部",1930000.0,产业资本
2026-07-23,002773,康弘药业,大宗交易,"成交价 22.33,折溢率 +0.04%,买方 申万宏源证券有限公司长沙湘江中路证券营业部",2002200.0,产业资本
2026-07-23,002973,侨银股份,大宗交易,"成交价 8.52,折溢率 -0.07%,买方 甬兴证券有限公司宁波分公司",2130000.0,产业资本
2026-07-23,002973,侨银股份,大宗交易,"成交价 8.42,折溢率 -0.09%,买方 机构专用",2105000.0,产业资本
2026-07-23,002973,侨银股份,大宗交易,"成交价 8.52,折溢率 -0.07%,买方 机构专用",2130000.0,产业资本
2026-07-23,003009,中天火箭,大宗交易,"成交价 46.36,折溢率 -0.12%,买方 招商证券股份有限公司济南经十路证券营业部",4636000.0,产业资本
2026-07-23,003009,中天火箭,大宗交易,"成交价 46.36,折溢率 -0.12%,买方 浙商证券股份有限公司上海长乐路证券营业部",4636000.0,产业资本
2026-07-23,301308,江波龙,大宗交易,"成交价 375.85,折溢率 +0.00%,买方 广发证券股份有限公司无锡太湖东大道证券营业部",2255100.0,产业资本
2026-07-23,300124,汇川技术,大宗交易,"成交价 62.36,折溢率 +0.00%,买方 机构专用",187080000.0,产业资本
2026-07-23,300136,信维通信,大宗交易,"成交价 51.6,折溢率 -0.22%,买方 华西证券股份有限公司南通工农路证券营业部",2420000.0,产业资本
2026-07-23,300274,阳光电源,大宗交易,"成交价 111.9,折溢率 -0.05%,买方 中信证券股份有限公司北京呼家楼证券营业部",2685600.0,产业资本
2026-07-23,300308,中际旭创,大宗交易,"成交价 1072.52,折溢率 +0.00%,买方 机构专用",70495700.0,产业资本
2026-07-23,300308,中际旭创,大宗交易,"成交价 1072.52,折溢率 +0.00%,买方 机构专用",39802300.0,产业资本
2026-07-23,300308,中际旭创,大宗交易,"成交价 1072.52,折溢率 +0.00%,买方 机构专用",27228100.0,产业资本
2026-07-23,300308,中际旭创,大宗交易,"成交价 1072.52,折溢率 +0.00%,买方 机构专用",132410100.0,产业资本
2026-07-23,300475,香农芯创,大宗交易,"成交价 163.02,折溢率 +0.00%,买方 机构专用",8151000.0,产业资本
2026-07-23,300985,致远新能,大宗交易,"成交价 27.92,折溢率 -0.19%,买方 国信证券股份有限公司上海中江路证券营业部",17967100.0,产业资本
2026-07-23,300994,久祺股份,大宗交易,"成交价 8.0,折溢率 -0.21%,买方 中国银河证券股份有限公司杭州东宁路证券营业部",2000000.0,产业资本
2026-07-23,301026,浩通科技,大宗交易,"成交价 13.92,折溢率 -0.22%,买方 国泰海通证券股份有限公司广州天河北路证券营业部",5568000.0,产业资本
2026-07-23,301210,金杨精密,大宗交易,"成交价 16.64,折溢率 -0.23%,买方 国信证券股份有限公司无锡观山路证券营业部",2599200.0,产业资本
2026-07-23,301297,富乐德,大宗交易,"成交价 28.26,折溢率 -0.10%,买方 财通证券股份有限公司杭州丽水路证券营业部",4004900.0,产业资本
2026-07-23,301298,东利机械,大宗交易,"成交价 8.4,折溢率 -0.23%,买方 财达证券股份有限公司保定蠡县永盛南大街证券营业部",2436000.0,产业资本
2026-07-23,300124,汇川技术,大宗交易,"成交价 62.03,折溢率 -0.01%,买方 机构专用",112150200.0,产业资本
2026-07-23,603050,科林电气,大宗交易,"成交价 17.18,折溢率 -0.08%,买方 国泰海通证券股份有限公司总部",5154000.0,产业资本
2026-07-23,688256,寒武纪,大宗交易,"成交价 1249.0,折溢率 +0.00%,买方 机构专用",8743000.0,产业资本
2026-07-23,603050,科林电气,大宗交易,"成交价 17.18,折溢率 -0.08%,买方 中信证券股份有限公司四川分公司",2233400.0,产业资本
2026-07-23,603811,诚意药业,大宗交易,"成交价 6.35,折溢率 -0.11%,买方 中信证券股份有限公司温州分公司",4000500.0,产业资本
2026-07-23,603926,铁流股份,大宗交易,"成交价 12.88,折溢率 -0.09%,买方 东北证券股份有限公司台州中心大道证券营业部",45015600.0,产业资本
2026-07-23,603926,铁流股份,大宗交易,"成交价 12.88,折溢率 -0.09%,买方 中国银河证券股份有限公司杭州市民街证券营业部",15000000.0,产业资本
2026-07-23,605077,华康股份,大宗交易,"成交价 9.05,折溢率 -0.13%,买方 华泰证券股份有限公司广州云城东路证券营业部",2353000.0,产业资本
2026-07-23,605298,必得科技,大宗交易,"成交价 38.28,折溢率 -0.14%,买方 财通证券股份有限公司杭州文二西路证券营业部",2220200.0,产业资本
2026-07-23,605298,必得科技,大宗交易,"成交价 38.28,折溢率 -0.14%,买方 财通证券股份有限公司杭州文二西路证券营业部",3062400.0,产业资本
2026-07-23,688105,诺唯赞,大宗交易,"成交价 15.75,折溢率 -0.07%,买方 招商证券股份有限公司济南经十路证券营业部",7875000.0,产业资本
2026-07-23,688105,诺唯赞,大宗交易,"成交价 15.75,折溢率 -0.07%,买方 招商证券股份有限公司西安北大街证券营业部",6300000.0,产业资本
2026-07-23,688105,诺唯赞,大宗交易,"成交价 15.75,折溢率 -0.07%,买方 中国银河证券股份有限公司金华八一南街证券营业部",3150000.0,产业资本
2026-07-23,688105,诺唯赞,大宗交易,"成交价 15.75,折溢率 -0.07%,买方 广发证券股份有限公司金华光南路证券营业部",6300000.0,产业资本
2026-07-23,688105,诺唯赞,大宗交易,"成交价 15.75,折溢率 -0.07%,买方 中信证券股份有限公司总部(非营业场所)",5040000.0,产业资本
2026-07-23,688105,诺唯赞,大宗交易,"成交价 15.75,折溢率 -0.07%,买方 机构专用",5040000.0,产业资本
2026-07-23,688105,诺唯赞,大宗交易,"成交价 15.75,折溢率 -0.07%,买方 招商证券股份有限公司西安北大街证券营业部",3150000.0,产业资本
2026-07-23,688105,诺唯赞,大宗交易,"成交价 15.75,折溢率 -0.07%,买方 中信建投证券股份有限公司北京朝阳分公司",4725000.0,产业资本
2026-07-23,688168,安博通,大宗交易,"成交价 37.82,折溢率 -0.02%,买方 机构专用",7185800.0,产业资本
2026-07-23,688395,正弦电气,大宗交易,"成交价 17.81,折溢率 -0.07%,买方 中国银河证券股份有限公司金华八一南街证券营业部",4452500.0,产业资本
2026-07-23,688398,赛特新材,大宗交易,"成交价 19.06,折溢率 -0.02%,买方 东北证券股份有限公司上海北艾路证券营业部",15000200.0,产业资本
2026-07-23,688702,盛科通信,大宗交易,"成交价 383.0,折溢率 -0.03%,买方 中国银河证券股份有限公司上海普陀区曹杨路证券营业部",19999900.0,产业资本
2026-07-23,688757,胜科纳米,大宗交易,"成交价 31.11,折溢率 -0.01%,买方 中国银河证券股份有限公司南京江东中路证券营业部",2000400.0,产业资本
2026-07-23,688758,赛分科技,大宗交易,"成交价 26.71,折溢率 -0.01%,买方 中信建投证券股份有限公司总部",8013000.0,产业资本
2026-07-23,688779,五矿新能,大宗交易,"成交价 6.63,折溢率 -0.10%,买方 中国银河证券股份有限公司金华八一南街证券营业部",3421100.0,产业资本
2026-07-23,688779,五矿新能,大宗交易,"成交价 6.63,折溢率 -0.10%,买方 中国银河证券股份有限公司杭州建国北路证券营业部",6630000.0,产业资本
2026-07-23,688779,五矿新能,大宗交易,"成交价 6.63,折溢率 -0.10%,买方 中国银河证券股份有限公司金华八一南街证券营业部",4534900.0,产业资本
2026-07-23,688779,五矿新能,大宗交易,"成交价 6.63,折溢率 -0.10%,买方 招商证券股份有限公司西安北大街证券营业部",6630000.0,产业资本
2026-07-23,688779,五矿新能,大宗交易,"成交价 6.63,折溢率 -0.10%,买方 华鑫证券有限责任公司深圳分公司",5304000.0,产业资本
2026-07-23,920008,成电光信,大宗交易,"成交价 13.08,折溢率 -0.30%,买方 广发证券股份有限公司绍兴云东路营业部",12556800.0,产业资本
2026-07-23,002165,红宝丽,大宗交易,"成交价 5.84,折溢率 -0.10%,买方 中国银河证券股份有限公司金华八一南街证券营业部",2336000.0,产业资本
2026-07-23,603696,安记食品,大宗交易,"成交价 10.6,折溢率 +0.00%,买方 国泰海通证券股份有限公司杭州延安路证券营业部",11988600.0,产业资本
2026-07-23,603683,晶华新材,大宗交易,"成交价 16.77,折溢率 +0.06%,买方 东北证券股份有限公司上海北艾路证券营业部",12007300.0,产业资本
2026-07-23,603618,杭电股份,大宗交易,"成交价 23.85,折溢率 -0.13%,买方 机构专用",2027300.0,产业资本
2026-07-23,603618,杭电股份,大宗交易,"成交价 23.85,折溢率 -0.13%,买方 中信证券股份有限公司上海世博馆路证券营业部",2051100.0,产业资本
2026-07-23,603050,科林电气,大宗交易,"成交价 17.18,折溢率 -0.08%,买方 中信证券股份有限公司上海浦东新区东方路证券营业部",2233400.0,产业资本
2026-07-23,603091,众鑫股份,大宗交易,"成交价 39.1,折溢率 -0.15%,买方 国信证券股份有限公司浙江分公司",6256000.0,产业资本
2026-07-23,603226,菲林格尔,大宗交易,"成交价 40.92,折溢率 -0.09%,买方 万联证券股份有限公司广州珠江新城证券营业部",2046000.0,产业资本
2026-07-23,603259,药明康德,大宗交易,"成交价 127.45,折溢率 +0.00%,买方 机构专用",24470400.0,产业资本
2026-07-23,603269,海鸥股份,大宗交易,"成交价 10.31,折溢率 -0.10%,买方 东海证券股份有限公司常州延政中路证券营业部",4639500.0,产业资本
2026-07-23,603508,思维列控,大宗交易,"成交价 22.1,折溢率 -0.02%,买方 机构专用",33150000.0,产业资本
2026-07-23,603508,思维列控,大宗交易,"成交价 22.1,折溢率 -0.02%,买方 方正证券股份有限公司总部",11050000.0,产业资本
2026-07-23,603618,杭电股份,大宗交易,"成交价 23.85,折溢率 -0.13%,买方 浙商证券股份有限公司青田涌潮街证券营业部",2385000.0,产业资本
2026-07-23,603618,杭电股份,大宗交易,"成交价 23.85,折溢率 -0.13%,买方 广发证券股份有限公司金华光南路证券营业部",4054500.0,产业资本
2026-07-23,603618,杭电股份,大宗交易,"成交价 23.85,折溢率 -0.13%,买方 广发证券股份有限公司金华光南路证券营业部",3816000.0,产业资本
2026-07-23,603618,杭电股份,大宗交易,"成交价 23.85,折溢率 -0.13%,买方 中国银河证券股份有限公司金华八一南街证券营业部",2146500.0,产业资本
2026-07-23,603618,杭电股份,大宗交易,"成交价 23.85,折溢率 -0.13%,买方 国泰海通证券股份有限公司总部",2385000.0,产业资本
2026-07-23,603618,杭电股份,大宗交易,"成交价 23.85,折溢率 -0.13%,买方 中国银河证券股份有限公司金华八一南街证券营业部",4054500.0,产业资本
2026-07-23,603050,科林电气,大宗交易,"成交价 17.18,折溢率 -0.08%,买方 机构专用",2233400.0,产业资本
2026-07-23,603618,杭电股份,大宗交易,"成交价 23.85,折溢率 -0.13%,买方 东北证券股份有限公司总部",2027300.0,产业资本
2026-07-23,603618,杭电股份,大宗交易,"成交价 23.85,折溢率 -0.13%,买方 中国中金财富证券有限公司深圳分公司",3816000.0,产业资本
2026-07-23,603618,杭电股份,大宗交易,"成交价 23.85,折溢率 -0.13%,买方 国泰海通证券股份有限公司北京知春路证券营业部",2003400.0,产业资本
2026-07-23,603618,杭电股份,大宗交易,"成交价 23.85,折溢率 -0.13%,买方 浙商证券股份有限公司青田涌潮街证券营业部",4054500.0,产业资本
2026-07-23,603618,杭电股份,大宗交易,"成交价 23.85,折溢率 -0.13%,买方 中国银河证券股份有限公司金华八一南街证券营业部",4054500.0,产业资本
2026-07-23,603618,杭电股份,大宗交易,"成交价 23.85,折溢率 -0.13%,买方 中国中金财富证券有限公司深圳中金大厦证券营业部",2027300.0,产业资本
2026-07-23,603618,杭电股份,大宗交易,"成交价 23.85,折溢率 -0.13%,买方 机构专用",2051100.0,产业资本
2026-07-23,603618,杭电股份,大宗交易,"成交价 23.85,折溢率 -0.13%,买方 中信建投证券股份有限公司北京朝阳分公司",2146500.0,产业资本
2026-07-23,603618,杭电股份,大宗交易,"成交价 23.85,折溢率 -0.13%,买方 东北证券股份有限公司南通世纪大道证券营业部",2027300.0,产业资本
2026-07-23,603618,杭电股份,大宗交易,"成交价 23.85,折溢率 -0.13%,买方 机构专用",5628600.0,产业资本
2026-07-23,603618,杭电股份,大宗交易,"成交价 23.85,折溢率 -0.13%,买方 招商证券股份有限公司西安北大街证券营业部",2385000.0,产业资本
2026-07-23,603618,杭电股份,大宗交易,"成交价 23.85,折溢率 -0.13%,买方 国海证券股份有限公司机构席位",3052800.0,产业资本
2026-07-23,603618,杭电股份,大宗交易,"成交价 23.85,折溢率 -0.13%,买方 浙商证券股份有限公司上海长乐路证券营业部",2146500.0,产业资本
2026-07-23,603618,杭电股份,大宗交易,"成交价 23.85,折溢率 -0.13%,买方 广发证券股份有限公司沧州解放路证券营业部",2146500.0,产业资本
2026-07-23,603618,杭电股份,大宗交易,"成交价 23.85,折溢率 -0.13%,买方 国都证券股份有限公司江苏分公司",2385000.0,产业资本
2026-07-23,002165,红宝丽,大宗交易,"成交价 5.84,折溢率 -0.10%,买方 机构专用",1752000.0,产业资本
2026-07-23,002900,哈三联,龙虎榜,上榜:连续三个交易日内，涨幅偏离值累计达到20%的证券;龙虎榜净买 0.4亿,36333155.04,游资
2026-07-23,002165,红宝丽,大宗交易,"成交价 5.84,折溢率 -0.10%,买方 中信建投证券股份有限公司杭州庆春路证券营业部",2920000.0,产业资本
2026-07-23,301234,五洲医疗,龙虎榜,上榜:连续三个交易日内，涨幅偏离值累计达到30%的证券;龙虎榜净买 0.3亿,32592672.0,游资
2026-07-23,301292,海科新源,龙虎榜,上榜:日涨幅达到15%的前5只证券;龙虎榜净买 0.0亿,3732366.34999996,游资
2026-07-23,301357,北方长龙,龙虎榜,上榜:日涨幅达到15%的前5只证券;龙虎榜净买 0.3亿,32670828.05,游资
2026-07-23,301520,万邦医药,龙虎榜,上榜:日换手率达到30%的前5只证券;龙虎榜净买 -0.1亿,-8581166.39,游资
2026-07-23,301583,托伦斯,龙虎榜,上榜:日换手率达到30%的前5只证券;龙虎榜净买 1.2亿,123234649.44,游资
2026-07-23,600219,南山铝业,龙虎榜,上榜:有价格涨跌幅限制的日收盘价格涨幅偏离值达到7%的前五只证券;龙虎榜净买 1.7亿,168026084.2,游资
2026-07-23,600227,赤天化,龙虎榜,上榜:有价格涨跌幅限制的日价格振幅达到15%的前五只证券;龙虎榜净买 0.3亿,28195742.12,游资
2026-07-23,600246,万通发展,龙虎榜,上榜:有价格涨跌幅限制的日收盘价格跌幅偏离值达到7%的前五只证券;龙虎榜净买 -0.1亿,-7874530.98000002,游资
2026-07-23,600289,ST信通,龙虎榜,上榜:有价格涨跌幅限制的日收盘价格涨幅偏离值达到7%的前五只证券;龙虎榜净买 -0.1亿,-5879665.0,游资
2026-07-23,600337,ST美克,龙虎榜,上榜:有价格涨跌幅限制的日收盘价格跌幅偏离值达到7%的前五只证券;龙虎榜净买 0.1亿,6347691.94,游资
2026-07-23,600396,华电辽能,龙虎榜,上榜:有价格涨跌幅限制的日换手率达到20%的前五只证券;龙虎榜净买 -2.3亿,-228219226.19,游资
2026-07-23,600664,哈药股份,龙虎榜,上榜:有价格涨跌幅限制的连续10个交易日内收盘价格涨幅偏离值累计达到100%的证券;龙虎榜净买 0.0亿,0.0,游资
2026-07-23,600698,湖南天雁,龙虎榜,上榜:有价格涨跌幅限制的日收盘价格涨幅偏离值达到7%的前五只证券;龙虎榜净买 0.2亿,19158886.0,游资
2026-07-23,600711,盛屯矿业,龙虎榜,上榜:非S证券连续三个交易日内收盘价格涨幅偏离值累计达到20%的证券;龙虎榜净买 4.8亿,482423252.57,游资
2026-07-23,600722,金牛化工,龙虎榜,上榜:非S证券连续三个交易日内收盘价格涨幅偏离值累计达到20%的证券;龙虎榜净买 0.4亿,41527073.59,游资
2026-07-23,600744,华银电力,龙虎榜,上榜:有价格涨跌幅限制的日价格振幅达到15%的前五只证券;龙虎榜净买 -0.6亿,-60697364.97,游资
2026-07-23,601678,滨化股份,龙虎榜,上榜:有价格涨跌幅限制的日收盘价格涨幅偏离值达到7%的前五只证券;龙虎榜净买 0.9亿,90809612.54,游资
2026-07-23,603075,热威股份,龙虎榜,上榜:有价格涨跌幅限制的日收盘价格跌幅偏离值达到7%的前五只证券;龙虎榜净买 -0.2亿,-16277037.06,游资
2026-07-23,603118,共进股份,龙虎榜,上榜:有价格涨跌幅限制的日换手率达到20%的前五只证券;龙虎榜净买 -1.1亿,-109442146.82,游资
2026-07-23,603221,爱丽家居,龙虎榜,上榜:非S证券连续三个交易日内收盘价格涨幅偏离值累计达到20%的证券;龙虎榜净买 0.0亿,3092665.0,游资
2026-07-23,603222,济民健康,龙虎榜,上榜:有价格涨跌幅限制的日收盘价格跌幅偏离值达到7%的前五只证券;龙虎榜净买 -0.5亿,-52026857.48,游资
2026-07-23,603378,*ST亚士,龙虎榜,上榜:有价格涨跌幅限制的日收盘价格涨幅偏离值达到7%的前五只证券;龙虎榜净买 0.0亿,3303365.0,游资
2026-07-23,603407,长裕集团,龙虎榜,上榜:有价格涨跌幅限制的日换手率达到20%的前五只证券;龙虎榜净买 -1.4亿,-141405741.86,游资
2026-07-23,603459,红板科技,龙虎榜,上榜:有价格涨跌幅限制的日换手率达到20%的前五只证券;龙虎榜净买 2.2亿,221405109.95,游资
2026-07-23,603519,立霸股份,龙虎榜,上榜:有价格涨跌幅限制的日价格振幅达到15%的前五只证券;龙虎榜净买 0.1亿,5032300.48,游资
2026-07-23,603567,珍宝岛,龙虎榜,上榜:有价格涨跌幅限制的日价格振幅达到15%的前五只证券;龙虎榜净买 1.0亿,98958686.8,游资
2026-07-23,603619,中曼石油,龙虎榜,上榜:非S证券连续三个交易日内收盘价格涨幅偏离值累计达到20%的证券;龙虎榜净买 1.3亿,134041907.34,游资
2026-07-23,301012,扬电科技,龙虎榜,上榜:连续三个交易日内，涨幅偏离值累计达到30%的证券;龙虎榜净买 -0.1亿,-10844852.14,游资
2026-07-23,300688,创业黑马,龙虎榜,上榜:连续三个交易日内，涨幅偏离值累计达到30%的证券;龙虎榜净买 0.4亿,41078908.88,游资
2026-07-23,300643,万通智控,龙虎榜,上榜:连续三个交易日内，涨幅偏离值累计达到30%的证券;龙虎榜净买 -0.0亿,-2379725.24000001,游资
2026-07-23,300510,金冠股份,龙虎榜,上榜:日涨幅达到15%的前5只证券;龙虎榜净买 0.4亿,35447577.24,游资
2026-07-23,000426,兴业银锡,龙虎榜,上榜:连续三个交易日内，涨幅偏离值累计达到20%的证券;龙虎榜净买 2.6亿,264149233.5,游资
2026-07-23,000595,新能股份,龙虎榜,上榜:连续三个交易日内，涨幅偏离值累计达到20%的证券;龙虎榜净买 0.0亿,957738.0,游资
2026-07-23,000596,古井贡酒,龙虎榜,上榜:日跌幅偏离值达到7%的前5只证券;龙虎榜净买 -0.4亿,-43197751.43,游资
2026-07-23,000603,盛达资源,龙虎榜,上榜:日涨幅偏离值达到7%的前5只证券;龙虎榜净买 0.3亿,32940420.59,游资
2026-07-23,000779,甘咨询,龙虎榜,上榜:日振幅值达到15%的前5只证券;龙虎榜净买 -0.0亿,-3406664.28,游资
2026-07-23,000815,美利云,龙虎榜,上榜:日涨幅偏离值达到7%的前5只证券;龙虎榜净买 2.1亿,211977303.21,游资
2026-07-23,001206,依依股份,龙虎榜,上榜:日振幅值达到15%的前5只证券;龙虎榜净买 0.2亿,22657665.8,游资
2026-07-23,001258,立新能源,龙虎榜,上榜:日涨幅偏离值达到7%的前5只证券;龙虎榜净买 -0.6亿,-59884788.22,游资
2026-07-23,001337,四川黄金,龙虎榜,上榜:连续三个交易日内，涨幅偏离值累计达到20%的证券;龙虎榜净买 0.7亿,74396320.12,游资
2026-07-23,001388,信通电子,龙虎榜,上榜:日振幅值达到15%的前5只证券;龙虎榜净买 -0.0亿,-539232.259999998,游资
2026-07-23,001872,招商港口,龙虎榜,上榜:日跌幅偏离值达到7%的前5只证券;龙虎榜净买 -0.2亿,-15379293.76,游资
2026-07-23,002082,ST万邦,龙虎榜,上榜:连续三个交易日内，跌幅偏离值累计达到20%的证券;龙虎榜净买 -0.3亿,-25389784.63,游资
2026-07-23,002141,贤丰控股,龙虎榜,上榜:日换手率达到20%的前5只证券;龙虎榜净买 -0.2亿,-18188647.08,游资
2026-07-23,603683,晶华新材,龙虎榜,上榜:有价格涨跌幅限制的日换手率达到20%的前五只证券;龙虎榜净买 -1.3亿,-126148969.28,游资
2026-07-23,002156,通富微电,龙虎榜,上榜:日跌幅偏离值达到7%的前5只证券;龙虎榜净买 -1.5亿,-154303502.91,游资
2026-07-23,002379,宏桥控股,龙虎榜,上榜:日涨幅偏离值达到7%的前5只证券;龙虎榜净买 -0.5亿,-45215524.28,游资
2026-07-23,002396,星网锐捷,龙虎榜,上榜:日换手率达到20%的前5只证券;龙虎榜净买 -0.6亿,-55031551.9299999,游资
2026-07-23,002412,汉森制药,龙虎榜,上榜:连续三个交易日内，涨幅偏离值累计达到20%的证券;龙虎榜净买 0.4亿,35481668.77,游资
2026-07-23,002432,九安医疗,龙虎榜,上榜:日跌幅偏离值达到7%的前5只证券;龙虎榜净买 -0.2亿,-24915161.09,游资
2026-07-23,002558,巨人网络,龙虎榜,上榜:日跌幅偏离值达到7%的前5只证券;龙虎榜净买 -0.9亿,-87996174.72,游资
2026-07-23,002731,*ST萃华,龙虎榜,上榜:日换手率达到20%的前5只证券;龙虎榜净买 0.0亿,3956560.34,游资
2026-07-23,002759,ST天际,龙虎榜,上榜:连续三个交易日内，日均换手率与前五个交易日的日均换手率的比值达到30倍，且换手率累计达20%的证券;龙虎榜净买 -0.0亿,-3976941.68000001,游资
2026-07-23,002879,长缆科技,龙虎榜,上榜:连续三个交易日内，涨幅偏离值累计达到20%的证券;龙虎榜净买 -0.3亿,-28701937.9,游资
2026-07-23,920078,族兴新材,大宗交易,"成交价 20.01,折溢率 -0.02%,买方 广发证券股份有限公司深圳壹方中心营业部",5002500.0,产业资本
2026-07-23,003001,中岩大地,龙虎榜,上榜:日换手率达到20%的前5只证券;龙虎榜净买 0.7亿,69414095.73,游资
2026-07-23,300164,通源石油,龙虎榜,上榜:日换手率达到30%的前5只证券;龙虎榜净买 -0.1亿,-7523751.46000001,游资
2026-07-23,300214,日科化学,龙虎榜,上榜:日涨幅达到15%的前5只证券;龙虎榜净买 -0.0亿,-4336702.0,游资
2026-07-23,300444,双杰电气,龙虎榜,上榜:日涨幅达到15%的前5只证券;龙虎榜净买 -0.3亿,-28819485.12,游资
2026-07-23,002240,盛新锂能,龙虎榜,上榜:日涨幅偏离值达到7%的前5只证券;龙虎榜净买 0.7亿,70107265.4600001,游资
2026-07-23,002165,红宝丽,大宗交易,"成交价 5.84,折溢率 -0.10%,买方 广发证券股份有限公司西安浐灞大道证券营业部",2920000.0,产业资本
2026-07-23,603823,百合花,龙虎榜,上榜:有价格涨跌幅限制的日收盘价格跌幅偏离值达到7%的前五只证券;龙虎榜净买 -0.3亿,-28756474.24,游资
2026-07-23,605162,新中港,龙虎榜,上榜:非S证券连续三个交易日内收盘价格涨幅偏离值累计达到20%的证券;龙虎榜净买 0.2亿,24675268.99,游资
2026-07-23,301322,绿通科技,回购,回购进度:实施中;已回购 0.0亿,3198345.5,产业资本
2026-07-23,301161,唯万密封,回购,回购进度:实施中;已回购 0.1亿,13395279.0,产业资本
2026-07-23,300834,星辉环材,回购,回购进度:实施中;已回购 0.2亿,15547707.2,产业资本
2026-07-23,002879,长缆科技,回购,回购进度:实施中;已回购 0.1亿,7004582.0,产业资本
2026-07-23,301337,亚华电子,回购,回购进度:实施中;已回购 0.1亿,5340662.0,产业资本
2026-07-23,300774,倍杰特,回购,回购进度:实施中;已回购 0.0亿,1999800.0,产业资本
2026-07-23,300988,津荣天宇,回购,回购进度:完成实施;已回购 0.3亿,34991305.6,产业资本
2026-07-23,301087,可孚医疗,回购,回购进度:实施中;已回购 0.3亿,26105444.0,产业资本
2026-07-23,300624,万兴科技,回购,回购进度:实施中;已回购 0.0亿,995953.0,产业资本
2026-07-23,300463,迈克生物,回购,回购进度:实施中;已回购 0.0亿,779298.0,产业资本
2026-07-23,000333,美的集团,大宗交易,"成交价 84.77,折溢率 +0.00%,买方 机构专用",93247000.0,产业资本
2026-07-23,000523,红棉股份,大宗交易,"成交价 2.42,折溢率 -0.12%,买方 中银国际证券股份有限公司揭阳揭东路篦路证券营业部",4840000.0,产业资本
2026-07-23,000651,格力电器,大宗交易,"成交价 40.57,折溢率 +0.00%,买方 机构专用",81140000.0,产业资本
2026-07-23,000887,中鼎股份,大宗交易,"成交价 17.0,折溢率 -0.01%,买方 申万宏源证券有限公司长沙湘江中路证券营业部",2118200.0,产业资本
2026-07-23,000938,紫光股份,大宗交易,"成交价 41.18,折溢率 -0.03%,买方 中信建投证券股份有限公司北京东城分公司",20590000.0,产业资本
2026-07-23,001309,德明利,大宗交易,"成交价 435.0,折溢率 +0.00%,买方 国泰海通证券股份有限公司重庆中山三路证券营业部",87000000.0,产业资本
2026-07-23,001330,博纳影业,大宗交易,"成交价 4.1,折溢率 -0.11%,买方 机构专用",6970000.0,产业资本
2026-07-23,001330,博纳影业,大宗交易,"成交价 4.1,折溢率 -0.11%,买方 机构专用",4100000.0,产业资本
2026-07-23,001330,博纳影业,大宗交易,"成交价 4.1,折溢率 -0.11%,买方 机构专用",1340700.0,产业资本
2026-07-23,002005,德豪润达,大宗交易,"成交价 2.27,折溢率 -0.01%,买方 广发证券股份有限公司福州望龙二路证券营业部",1135000.0,产业资本
2026-07-23,002044,美年健康,大宗交易,"成交价 4.18,折溢率 -0.07%,买方 机构专用",5434000.0,产业资本
2026-07-23,002044,美年健康,大宗交易,"成交价 4.18,折溢率 -0.07%,买方 中信证券股份有限公司徐州建国西路证券营业部",2090000.0,产业资本
2026-07-23,002044,美年健康,大宗交易,"成交价 4.18,折溢率 -0.07%,买方 机构专用",20900000.0,产业资本
2026-07-23,002044,美年健康,大宗交易,"成交价 4.18,折溢率 -0.07%,买方 机构专用",7106000.0,产业资本
2026-07-23,002044,美年健康,大宗交易,"成交价 4.18,折溢率 -0.07%,买方 机构专用",2926000.0,产业资本
2026-07-23,002044,美年健康,大宗交易,"成交价 4.18,折溢率 -0.07%,买方 机构专用",12540000.0,产业资本
2026-07-23,002109,ST兴化,大宗交易,"成交价 2.52,折溢率 +0.00%,买方 开源证券股份有限公司西安高新分公司",1260000.0,产业资本
2026-07-23,688625,呈和科技,回购,回购进度:实施中;已回购 0.1亿,6539005.94,产业资本
2026-07-23,002695,煌上煌,回购,回购进度:实施中;已回购 0.0亿,4826429.0,产业资本
2026-07-23,300351,永贵电器,回购,回购进度:实施中;已回购 0.0亿,4558865.0,产业资本
2026-07-23,601996,丰林集团,回购,回购进度:实施中;已回购 0.1亿,5330600.0,产业资本
2026-07-23,605288,凯迪股份,龙虎榜,上榜:非S证券连续三个交易日内收盘价格涨幅偏离值累计达到20%的证券;龙虎榜净买 0.2亿,18318216.64,游资
2026-07-23,688618,三旺通信,龙虎榜,上榜:有价格涨跌幅限制的日收盘价格涨幅达到15%的前五只证券;龙虎榜净买 0.1亿,9063387.4,游资
2026-07-23,688679,通源环境,龙虎榜,上榜:有价格涨跌幅限制的日收盘价格涨幅达到15%的前五只证券;龙虎榜净买 0.2亿,15735688.8,游资
2026-07-23,920018,宏远股份,龙虎榜,上榜:当日收盘价涨幅达到20%的前5只股票;龙虎榜净买 -0.0亿,-3711535.21,游资
2026-07-23,920079,乔路铭,龙虎榜,上榜:当日换手率达到20%的前5只股票;龙虎榜净买 -0.1亿,-13353042.4,游资
2026-07-23,920117,龙鑫智能,龙虎榜,上榜:当日换手率达到20%的前5只股票;龙虎榜净买 -0.0亿,-3333227.31,游资
2026-07-23,920193,吉和昌,龙虎榜,上榜:当日换手率达到20%的前5只股票;龙虎榜净买 -0.2亿,-20815621.78,游资
2026-07-23,920222,益坤电气,龙虎榜,上榜:当日价格振幅达到30%的前5只股票;龙虎榜净买 0.1亿,13467089.19,游资
2026-07-23,920305,云创退,龙虎榜,上榜:北交所股票连续10个交易日内3次出现同向异常波动情形;龙虎榜净买 0.0亿,0.0,游资
2026-07-23,688623,双元科技,回购,回购进度:nan;已回购 —,,产业资本
2026-07-23,688525,佰维存储,回购,回购进度:nan;已回购 —,,产业资本
2026-07-23,688359,三孚新科,回购,回购进度:董事会预案;已回购 —,,产业资本
2026-07-23,688350,富淼科技,回购,回购进度:董事会预案;已回购 —,,产业资本
2026-07-23,603988,中电电机,龙虎榜,上榜:非S证券连续三个交易日内收盘价格涨幅偏离值累计达到20%的证券;龙虎榜净买 0.1亿,9111343.0,游资
2026-07-23,605588,冠石科技,回购,回购进度:董事会预案;已回购 —,,产业资本
2026-07-23,601006,大秦铁路,回购,回购进度:nan;已回购 —,,产业资本
2026-07-23,301446,福事特,回购,回购进度:nan;已回购 —,,产业资本
2026-07-23,301330,熵基科技,回购,回购进度:nan;已回购 —,,产业资本
2026-07-23,301308,江波龙,回购,回购进度:nan;已回购 —,,产业资本
2026-07-23,301305,朗坤科技,回购,回购进度:董事会预案;已回购 —,,产业资本
2026-07-23,301115,联检科技,回购,回购进度:董事会预案;已回购 —,,产业资本
2026-07-23,300184,力源信息,回购,回购进度:董事会预案;已回购 —,,产业资本
2026-07-23,002886,沃特股份,回购,回购进度:董事会预案;已回购 —,,产业资本
2026-07-23,002812,恩捷股份,回购,回购进度:董事会预案;已回购 —,,产业资本
2026-07-23,002264,新华都,回购,回购进度:董事会预案;已回购 —,,产业资本
2026-07-23,000783,长江证券,回购,回购进度:nan;已回购 —,,产业资本
2026-07-23,688207,格灵深瞳,回购,回购进度:实施中;已回购 0.0亿,4650700.0,产业资本
2026-07-23,603659,璞泰来,回购,回购进度:实施中;已回购 0.3亿,30004800.0,产业资本
2026-07-23,603031,安孚科技,回购,回购进度:董事会预案;已回购 —,,产业资本
2026-07-23,920651,天罡股份,大宗交易,"成交价 20.68,折溢率 -0.02%,买方 广发证券股份有限公司深圳壹方中心营业部",1034000.0,产业资本
